datetime,open,high,low,close,volume
2025-12-10 09:00:00,84607.4921875,84869.4921875,84607.4921875,84830.4765625,0
2025-12-10 09:30:00,84830.5234375,84945.2578125,84773.2890625,84793.3125,0
2025-12-10 10:00:00,84806.6171875,85019.78125,84793.84375,84905.359375,0
2025-12-10 10:30:00,84903.59375,85001.0078125,84665.96875,84665.96875,0
2025-12-10 11:00:00,84665.96875,84794.859375,84606.1796875,84724.2890625,0
2025-12-10 11:30:00,84724.2890625,84725.9921875,84597.78125,84648.671875,0
2025-12-10 12:00:00,84648.671875,84713.0390625,84560.140625,84580.140625,0
2025-12-10 12:30:00,84580.1796875,84580.1796875,84412.390625,84493.78125,0
2025-12-10 13:00:00,84488.65625,84655.203125,84464.3671875,84640.15625,0
2025-12-10 13:30:00,84640.7734375,84684.25,84495.59375,84497.3515625,0
2025-12-10 14:00:00,84498.328125,84527.2265625,84313.828125,84323.1796875,0
2025-12-10 14:30:00,84323.078125,84494.046875,84323.078125,84384.40625,0
2025-12-10 15:00:00,84391.9921875,84445.21875,84368.75,84391.2734375,0
2025-12-11 09:00:00,84461.96875,84534.921875,84302.0234375,84532.5234375,0
2025-12-11 09:30:00,84531.9296875,84538.1796875,84150.1875,84221.5234375,0
2025-12-11 10:00:00,84221.21875,84570.140625,84213.140625,84514.21875,0
2025-12-11 10:30:00,84507.296875,84628.109375,84460.2578125,84463.90625,0
2025-12-11 11:00:00,84463.2734375,84588.921875,84351.65625,84560.78125,0
2025-12-11 11:30:00,84560.890625,84668.5078125,84521.921875,84642.671875,0
2025-12-11 12:00:00,84642.671875,84896.9609375,84642.671875,84870.75,0
2025-12-11 12:30:00,84870.75,84895.5078125,84748.859375,84768.4921875,0
2025-12-11 13:00:00,84768.7421875,84784.25,84618.7265625,84667.1015625,0
2025-12-11 13:30:00,84676.1015625,84827.0234375,84676.1015625,84795.1796875,0
2025-12-11 14:00:00,84802.15625,84888.34375,84658.171875,84875.453125,0
2025-12-11 14:30:00,84869.046875,84906.140625,84647.5390625,84747.28125,0
2025-12-11 15:00:00,84748.5390625,84877.2421875,84748.5390625,84818.1328125,0
2025-12-12 09:00:00,85089.1328125,85220.25,85053.0703125,85192.09375,0
2025-12-12 09:30:00,85192.09375,85282.7578125,85152.2890625,85169.09375,0
2025-12-12 10:00:00,85168.671875,85177.796875,84957.0390625,85000.0625,0
2025-12-12 10:30:00,84999.9921875,85088.8515625,84974.9765625,84990.8515625,0
2025-12-12 11:00:00,84992.4296875,85217.03125,84986.7109375,85199.140625,0
2025-12-12 11:30:00,85199.140625,85253.859375,85172.15625,85240.4296875,0
2025-12-12 12:00:00,85239.890625,85280.6328125,85161.4765625,85235.03125,0
2025-12-12 12:30:00,85235.2265625,85271.0703125,85183.5,85205.4921875,0
2025-12-12 13:00:00,85206.109375,85252.7265625,85169.4296875,85185.5703125,0
2025-12-12 13:30:00,85185.921875,85248.7109375,85182.75,85222.40625,0
2025-12-12 14:00:00,85222.296875,85310.7421875,85214.2265625,85244.703125,0
2025-12-12 14:30:00,85241.3984375,85259.1484375,85187.2109375,85212.90625,0
2025-12-12 15:00:00,85224.8984375,85320.8203125,85224.8984375,85267.65625,0
2025-12-15 09:00:00,84898.203125,85150.0390625,84868.9375,84875.4765625,0
2025-12-15 09:30:00,84873.953125,84999.328125,84841.03125,84996.8125,0
2025-12-15 10:00:00,84999.5234375,85068.78125,84965.15625,85062.1484375,0
2025-12-15 10:30:00,85060.796875,85131.8984375,84969.796875,85108.1015625,0
2025-12-15 11:00:00,85106.453125,85116.03125,85024.0234375,85088.421875,0
2025-12-15 11:30:00,85087.859375,85204.5703125,85005.953125,85192.2421875,0
2025-12-15 12:00:00,85194.421875,85243.2734375,85176.921875,85220.2578125,0
2025-12-15 12:30:00,85220.2578125,85247.609375,85156.640625,85180.3203125,0
2025-12-15 13:00:00,85181.3203125,85275.4609375,85181.3203125,85206.4921875,0
2025-12-15 13:30:00,85205.65625,85249.1875,85185.78125,85202.359375,0
2025-12-15 14:00:00,85202.2421875,85255.2421875,85108.53125,85165.9921875,0
2025-12-15 14:30:00,85167.0078125,85278.5078125,85159.7109375,85242.75,0
2025-12-15 15:00:00,85250.6796875,85256.8203125,85194.7265625,85213.9609375,0
2025-12-16 09:00:00,85010.3671875,85033.8828125,84847.84375,84852.9296875,0
2025-12-16 09:30:00,84852.5625,84911.3203125,84787.5625,84790.9609375,0
2025-12-16 10:00:00,84791.34375,84848.03125,84717.078125,84818.8828125,0
2025-12-16 10:30:00,84818.359375,84851.0234375,84744.078125,84765.0703125,0
2025-12-16 11:00:00,84766.390625,84808.5078125,84734.1171875,84803.7265625,0
2025-12-16 11:30:00,84803.7265625,84804.09375,84684.1875,84714.5625,0
2025-12-16 12:00:00,84716.9609375,84825.046875,84708.4765625,84818.078125,0
2025-12-16 12:30:00,84815.90625,84845.3125,84719.4765625,84805.1484375,0
2025-12-16 13:00:00,84804.796875,84804.796875,84721.7109375,84743.296875,0
2025-12-16 13:30:00,84743.2109375,84904.2421875,84738.9375,84810.4921875,0
2025-12-16 14:00:00,84811.4296875,84842.0390625,84655.0078125,84720.921875,0
2025-12-16 14:30:00,84716.8984375,84802.828125,84660.2109375,84742.078125,0
2025-12-16 15:00:00,84755.5703125,84789.6484375,84672.71875,84680.1875,0
2025-12-17 09:00:00,84830.9296875,84879.3125,84652.8203125,84822.546875,0
2025-12-17 09:30:00,84821.65625,84889.046875,84639.109375,84696.8671875,0
2025-12-17 10:00:00,84696.7421875,84702.828125,84522.75,84532.578125,0
2025-12-17 10:30:00,84532.09375,84594.578125,84491.953125,84544.5625,0
2025-12-17 11:00:00,84544.7421875,84646.9296875,84516.4921875,84529.75,0
2025-12-17 11:30:00,84532.703125,84650.53125,84492.53125,84528.0078125,0
2025-12-17 12:00:00,84528.0078125,84528.0078125,84417.9765625,84436.203125,0
2025-12-17 12:30:00,84436.4296875,84534.96875,84429.171875,84438.4921875,0
2025-12-17 13:00:00,84439.2109375,84578.96875,84430.859375,84543.6875,0
2025-12-17 13:30:00,84541.046875,84549.0703125,84436.7890625,84478.21875,0
2025-12-17 14:00:00,84478.078125,84593.4375,84459.578125,84468.6171875,0
2025-12-17 14:30:00,84468.6171875,84564.65625,84421.7265625,84530.328125,0
2025-12-17 15:00:00,84536.2890625,84582.8125,84527.4921875,84559.6484375,0
2025-12-18 09:00:00,84451.65625,84557.6484375,84344.953125,84444.96875,0
2025-12-18 09:30:00,84436.6171875,84467.4765625,84238.4296875,84319.5390625,0
2025-12-18 10:00:00,84321.078125,84606.2109375,84274.1796875,84549.4296875,0
2025-12-18 10:30:00,84551.046875,84675.3828125,84542.2421875,84632.71875,0
2025-12-18 11:00:00,84632.71875,84644.2421875,84510.3125,84615.703125,0
2025-12-18 11:30:00,84616.78125,84682.2421875,84576.296875,84670.453125,0
2025-12-18 12:00:00,84668.7734375,84744.2109375,84591.7890625,84713.640625,0
2025-12-18 12:30:00,84718.2109375,84778.796875,84667.2265625,84682.1015625,0
2025-12-18 13:00:00,84681.6875,84718.9921875,84619.703125,84655.59375,0
2025-12-18 13:30:00,84652.5390625,84660.3828125,84548.9921875,84579.7734375,0
2025-12-18 14:00:00,84580.2265625,84589.9765625,84371.0234375,84408.609375,0
2025-12-18 14:30:00,84413.0234375,84551.84375,84359.7890625,84404.5390625,0
2025-12-18 15:00:00,84402.71875,84539.4765625,84402.71875,84481.8125,0
2025-12-19 09:00:00,84756.7890625,84934.96875,84756.7890625,84928.7890625,0
2025-12-19 09:30:00,84932.15625,85014.828125,84907.0078125,84978.1328125,0
2025-12-19 10:00:00,84979.84375,85002.09375,84886.21875,84980.25,0
2025-12-19 10:30:00,84977.5234375,85067.5,84965.078125,85019.25,0
2025-12-19 11:00:00,85016.59375,85037.078125,84882.3203125,84893.328125,0
2025-12-19 11:30:00,84886.296875,84904.296875,84792.421875,84818.40625,0
2025-12-19 12:00:00,84817.7109375,84948.296875,84817.46875,84856.921875,0
2025-12-19 12:30:00,84857.328125,84933.4375,84849.6484375,84900.5078125,0
2025-12-19 13:00:00,84900.5078125,84912.671875,84797.296875,84875.84375,0
2025-12-19 13:30:00,84875.84375,84991.953125,84875.84375,84965.4296875,0
2025-12-19 14:00:00,84965.578125,85030.3125,84917.3671875,84954.40625,0
2025-12-19 14:30:00,84954.6171875,84982.5390625,84914.7734375,84914.7734375,0
2025-12-19 15:00:00,84912.4765625,84957.328125,84858.546875,84929.421875,0
2025-12-22 09:00:00,85197.0703125,85438.6484375,85182.9765625,85405.8203125,0
2025-12-22 09:30:00,85413.0625,85460.25,85350.859375,85423.71875,0
2025-12-22 10:00:00,85423.1484375,85455.2265625,85383.4375,85394.9921875,0
2025-12-22 10:30:00,85394.2578125,85450.6328125,85362.2578125,85444.7734375,0
2025-12-22 11:00:00,85444.953125,85459.140625,85351.1015625,85412.7109375,0
2025-12-22 11:30:00,85406.9921875,85441.2734375,85387.5703125,85426.84375,0
2025-12-22 12:00:00,85428.6171875,85466.140625,85388.84375,85428.640625,0
2025-12-22 12:30:00,85427.34375,85472.078125,85335.8125,85433.8984375,0
2025-12-22 13:00:00,85433.8984375,85484.4296875,85424.03125,85465.7578125,0
2025-12-22 13:30:00,85469.953125,85499.5625,85434.28125,85466.25,0
2025-12-22 14:00:00,85466.25,85515.8671875,85416.9375,85515.8671875,0
2025-12-22 14:30:00,85514.890625,85582.21875,85488.9375,85531.2265625,0
2025-12-22 15:00:00,85545.6875,85600.2421875,85543.5,85567.6015625,0
2025-12-23 09:00:00,85667.28125,85667.28125,85429.7734375,85445.2890625,0
2025-12-23 09:30:00,85447.5234375,85540.1328125,85343.0234375,85539.0390625,0
2025-12-23 10:00:00,85539.4921875,85605.7890625,85476.6171875,85507.0390625,0
2025-12-23 10:30:00,85507.9375,85572.5625,85465.28125,85534.453125,0
2025-12-23 11:00:00,85537.9296875,85587.8671875,85510.0703125,85570.78125,0
2025-12-23 11:30:00,85571.8125,85573.9609375,85460.6328125,85521.296875,0
2025-12-23 12:00:00,85521.0703125,85583.03125,85516.6796875,85526.7265625,0
2025-12-23 12:30:00,85526.109375,85581.8671875,85486.1484375,85554.171875,0
2025-12-23 13:00:00,85550.8515625,85598.4375,85547.96875,85579.1484375,0
2025-12-23 13:30:00,85578.5703125,85593.25,85543.5078125,85576.2734375,0
2025-12-23 14:00:00,85576.2734375,85704.1171875,85559.4296875,85649.4375,0
2025-12-23 14:30:00,85651.0703125,85656.703125,85486.46875,85556.34375,0
2025-12-23 15:00:00,85564.7421875,85629.2734375,85496.5390625,85524.546875,0
2025-12-24 09:00:00,85519.953125,85638.4921875,85389.1484375,85629.328125,0
2025-12-24 09:30:00,85629.8671875,85678.7890625,85581.1015625,85643.7109375,0
2025-12-24 10:00:00,85644.25,85734.296875,85598.078125,85684.546875,0
2025-12-24 10:30:00,85688.953125,85722.7421875,85571.59375,85625.9921875,0
2025-12-24 11:00:00,85628.09375,85641.7890625,85564.9765625,85617.6171875,0
2025-12-24 11:30:00,85616.4375,85628.0390625,85483.6875,85562.2890625,0
2025-12-24 12:00:00,85561.671875,85585.4609375,85501.9609375,85580.046875,0
2025-12-24 12:30:00,85583.03125,85591.8125,85514.4765625,85555.3125,0
2025-12-24 13:00:00,85554.8125,85559.7265625,85462.640625,85467.2265625,0
2025-12-24 13:30:00,85467.390625,85489.5390625,85407.421875,85438.359375,0
2025-12-24 14:00:00,85437.890625,85495.0234375,85365.8203125,85395.578125,0
2025-12-24 14:30:00,85397.7734375,85452.078125,85344.34375,85437.5625,0
2025-12-24 15:00:00,85439.046875,85487.859375,85345.546875,85408.8125,0
2025-12-26 09:00:00,85295.90625,85375.921875,85247.5390625,85341.2890625,0
2025-12-26 09:30:00,85341.9296875,85367.1484375,85166.90625,85225.9375,0
2025-12-26 10:00:00,85219.75,85273.1328125,85181.9609375,85216.53125,0
2025-12-26 10:30:00,85214.6015625,85247.84375,85186.5625,85211.1796875,0
2025-12-26 11:00:00,85209.703125,85227.4921875,85129.203125,85143.2578125,0
2025-12-26 11:30:00,85144.6484375,85154.4375,85071.6796875,85089.203125,0
2025-12-26 12:00:00,85089.203125,85118.421875,85067.6484375,85092.640625,0
2025-12-26 12:30:00,85093.15625,85096.7421875,85011.6875,85015.65625,0
2025-12-26 13:00:00,85015.65625,85070.9609375,85000.21875,85061.046875,0
2025-12-26 13:30:00,85060.84375,85072.890625,85037.0078125,85058.6328125,0
2025-12-26 14:00:00,85058.6328125,85071.4765625,84955.21875,84987.46875,0
2025-12-26 14:30:00,84986.296875,85020.3671875,84937.8203125,85020.3671875,0
2025-12-26 15:00:00,85018.9375,85075.2265625,85015.5234375,85041.203125,0
2025-12-29 09:00:00,85127.3203125,85248.9921875,85042.4375,85060.578125,0
2025-12-29 09:30:00,85056.4765625,85171.09375,85003.390625,85004.3515625,0
2025-12-29 10:00:00,85001.8203125,85014.921875,84946.4375,84974.4921875,0
2025-12-29 10:30:00,84971.90625,84972.9765625,84858.2890625,84879.59375,0
2025-12-29 11:00:00,84873.5703125,84887.9375,84754.8828125,84788.0,0
2025-12-29 11:30:00,84788.0,84837.953125,84763.4609375,84796.78125,0
2025-12-29 12:00:00,84796.703125,84821.8671875,84746.796875,84770.0078125,0
2025-12-29 12:30:00,84772.21875,84785.1328125,84725.609375,84761.0703125,0
2025-12-29 13:00:00,84759.9921875,84791.75,84685.3203125,84716.3125,0
2025-12-29 13:30:00,84716.703125,84734.171875,84650.1171875,84718.6171875,0
2025-12-29 14:00:00,84718.6484375,84800.5,84650.8828125,84752.15625,0
2025-12-29 14:30:00,84754.546875,84766.3828125,84662.6015625,84678.078125,0
2025-12-29 15:00:00,84682.3984375,84718.9296875,84641.5078125,84695.5390625,0
2025-12-30 09:00:00,84686.1328125,84686.1328125,84471.2265625,84491.890625,0
2025-12-30 09:30:00,84492.390625,84709.3515625,84489.6171875,84658.78125,0
2025-12-30 10:00:00,84656.1171875,84788.5703125,84614.6328125,84770.4296875,0
2025-12-30 10:30:00,84773.2109375,84802.640625,84632.5078125,84646.7109375,0
2025-12-30 11:00:00,84646.953125,84662.0234375,84593.046875,84594.75,0
2025-12-30 11:30:00,84594.3984375,84609.34375,84532.25,84544.21875,0
2025-12-30 12:00:00,84542.7109375,84575.703125,84501.546875,84515.8984375,0
2025-12-30 12:30:00,84513.796875,84610.3671875,84510.5703125,84542.84375,0
2025-12-30 13:00:00,84544.0234375,84578.3515625,84514.1484375,84567.1328125,0
2025-12-30 13:30:00,84567.59375,84749.5625,84552.5703125,84665.7890625,0
2025-12-30 14:00:00,84663.171875,84726.4375,84590.25,84601.2578125,0
2025-12-30 14:30:00,84598.0625,84715.1796875,84593.2734375,84669.5078125,0
2025-12-30 15:00:00,84664.3515625,84737.9375,84583.828125,84675.078125,0
2025-12-31 09:00:00,84793.578125,84922.28125,84748.1015625,84882.546875,0
2025-12-31 09:30:00,84872.5703125,84910.8203125,84709.9609375,84772.0390625,0
2025-12-31 10:00:00,84779.3203125,84853.171875,84706.4296875,84823.4375,0
2025-12-31 10:30:00,84824.2265625,84953.6015625,84819.078125,84940.9609375,0
2025-12-31 11:00:00,84943.0703125,85012.140625,84914.359375,84939.7265625,0
2025-12-31 11:30:00,84926.859375,85067.421875,84909.921875,85037.7890625,0
2025-12-31 12:00:00,85036.46875,85122.4296875,84987.609375,85104.65625,0
2025-12-31 12:30:00,85104.4921875,85310.6484375,85101.3125,85291.5390625,0
2025-12-31 13:00:00,85292.0625,85346.0703125,85259.328125,85304.859375,0
2025-12-31 13:30:00,85304.96875,85400.140625,85255.953125,85374.359375,0
2025-12-31 14:00:00,85374.828125,85377.2421875,85285.6875,85328.21875,0
2025-12-31 14:30:00,85327.65625,85437.1171875,85318.2890625,85385.09375,0
2025-12-31 15:00:00,85379.4921875,85379.953125,85154.171875,85220.65625,0
2026-01-01 09:00:00,85293.84375,85443.078125,85289.2734375,85422.71875,0
2026-01-01 09:30:00,85424.53125,85448.421875,85293.203125,85318.0390625,0
2026-01-01 10:00:00,85317.3984375,85402.9609375,85172.421875,85339.453125,0
2026-01-01 10:30:00,85339.6484375,85412.6484375,85268.6875,85360.8203125,0
2026-01-01 11:00:00,85360.7734375,85401.34375,85294.0234375,85343.203125,0
2026-01-01 11:30:00,85340.1015625,85344.0703125,85186.921875,85259.109375,0
2026-01-01 12:00:00,85255.1015625,85290.96875,85118.8203125,85247.203125,0
2026-01-01 12:30:00,85246.1796875,85291.546875,85167.2734375,85262.25,0
2026-01-01 13:00:00,85262.546875,85312.109375,85177.1484375,85269.4921875,0
2026-01-01 13:30:00,85268.5625,85299.546875,85225.671875,85291.03125,0
2026-01-01 14:00:00,85290.578125,85345.390625,85243.5625,85253.2734375,0
2026-01-01 14:30:00,85247.25,85307.2578125,85224.40625,85269.40625,0
2026-01-01 15:00:00,85270.390625,85285.640625,85153.4375,85188.6171875,0
2026-01-02 09:00:00,85236.890625,85398.046875,85106.21875,85390.7890625,0
2026-01-02 09:30:00,85392.046875,85605.1328125,85347.5234375,85553.9296875,0
2026-01-02 10:00:00,85554.7578125,85582.859375,85495.3515625,85516.421875,0
2026-01-02 10:30:00,85517.8515625,85561.3828125,85482.9375,85545.1796875,0
2026-01-02 11:00:00,85546.5234375,85569.9765625,85481.15625,85569.9765625,0
2026-01-02 11:30:00,85570.359375,85658.3515625,85557.6171875,85619.359375,0
2026-01-02 12:00:00,85612.3984375,85674.7109375,85591.90625,85662.421875,0
2026-01-02 12:30:00,85662.0234375,85705.671875,85619.8828125,85645.4921875,0
2026-01-02 13:00:00,85639.2265625,85692.6484375,85633.6171875,85661.859375,0
2026-01-02 13:30:00,85661.859375,85692.71875,85646.0,85654.8828125,0
2026-01-02 14:00:00,85654.8828125,85695.2265625,85632.2421875,85661.5,0
2026-01-02 14:30:00,85661.7265625,85671.296875,85546.796875,85632.921875,0
2026-01-02 15:00:00,85637.5625,85775.3984375,85637.5625,85762.0390625,0
2026-01-05 09:00:00,85640.4296875,85796.296875,85574.5703125,85633.8515625,0
2026-01-05 09:30:00,85631.328125,85722.2734375,85516.953125,85682.21875,0
2026-01-05 10:00:00,85687.1875,85882.6328125,85599.6875,85816.546875,0
2026-01-05 10:30:00,85822.2421875,85845.96875,85752.96875,85804.7578125,0
2026-01-05 11:00:00,85802.140625,85857.9296875,85680.921875,85718.0234375,0
2026-01-05 11:30:00,85726.6015625,85770.453125,85686.2265625,85731.15625,0
2026-01-05 12:00:00,85730.0625,85758.15625,85652.6328125,85735.9609375,0
2026-01-05 12:30:00,85735.578125,85770.3125,85703.71875,85722.328125,0
2026-01-05 13:00:00,85726.5078125,85734.6484375,85585.390625,85596.1875,0
2026-01-05 13:30:00,85598.84375,85606.921875,85458.1875,85462.546875,0
2026-01-05 14:00:00,85461.46875,85461.46875,85315.6328125,85374.03125,0
2026-01-05 14:30:00,85372.0390625,85562.46875,85369.90625,85543.0078125,0
2026-01-05 15:00:00,85552.4375,85556.78125,85430.4296875,85439.6171875,0
2026-01-06 09:00:00,85331.140625,85331.140625,85024.828125,85078.2265625,0
2026-01-06 09:30:00,85075.15625,85356.03125,85069.0625,85348.140625,0
2026-01-06 10:00:00,85347.21875,85396.7890625,85225.71875,85248.2265625,0
2026-01-06 10:30:00,85246.25,85286.1484375,85167.03125,85175.03125,0
2026-01-06 11:00:00,85166.3515625,85243.0703125,84958.4921875,85056.28125,0
2026-01-06 11:30:00,85058.65625,85152.421875,85039.5234375,85071.3828125,0
2026-01-06 12:00:00,85065.5703125,85084.296875,84982.859375,85027.0390625,0
2026-01-06 12:30:00,85029.5078125,85083.2265625,84994.15625,85076.078125,0
2026-01-06 13:00:00,85078.7265625,85109.09375,84967.4375,84984.796875,0
2026-01-06 13:30:00,84984.796875,85062.171875,84954.1015625,84976.5078125,0
2026-01-06 14:00:00,84977.1171875,85035.5078125,84900.1015625,84978.9375,0
2026-01-06 14:30:00,84975.796875,85035.71875,84922.0625,85012.0078125,0
2026-01-06 15:00:00,85027.3515625,85093.6875,85027.3515625,85063.4921875,0
2026-01-07 09:00:00,84883.6171875,85039.1875,84847.640625,84895.078125,0
2026-01-07 09:30:00,84891.96875,84988.7265625,84781.34375,84938.5234375,0
2026-01-07 10:00:00,84939.5,85074.9296875,84873.078125,84913.7734375,0
2026-01-07 10:30:00,84912.8828125,85055.453125,84864.9765625,85020.5078125,0
2026-01-07 11:00:00,85017.359375,85066.2109375,84891.7109375,84944.390625,0
2026-01-07 11:30:00,84940.0078125,85022.9375,84874.7578125,84892.921875,0
2026-01-07 12:00:00,84893.03125,84895.8515625,84799.53125,84806.0,0
2026-01-07 12:30:00,84806.4765625,84850.0078125,84728.6015625,84800.71875,0
2026-01-07 13:00:00,84800.9609375,84857.546875,84718.40625,84728.3203125,0
2026-01-07 13:30:00,84724.8203125,84814.796875,84707.9921875,84811.109375,0
2026-01-07 14:00:00,84812.4296875,84844.046875,84741.53125,84797.0078125,0
2026-01-07 14:30:00,84798.109375,84881.4765625,84761.4296875,84862.2578125,0
2026-01-07 15:00:00,84880.1875,84986.25,84861.3828125,84961.1484375,0
2026-01-08 09:00:00,84771.2421875,84963.6015625,84723.8125,84732.9375,0
2026-01-08 09:30:00,84730.1484375,84872.40625,84678.8515625,84824.609375,0
2026-01-08 10:00:00,84824.9609375,84844.75,84635.9609375,84685.0625,0
2026-01-08 10:30:00,84685.0625,84700.4609375,84608.8125,84631.921875,0
2026-01-08 11:00:00,84634.03125,84656.5,84500.859375,84522.2890625,0
2026-01-08 11:30:00,84521.703125,84558.421875,84390.0625,84390.0625,0
2026-01-08 12:00:00,84394.3671875,84434.4921875,84232.7578125,84368.65625,0
2026-01-08 12:30:00,84367.7734375,84370.953125,84250.3828125,84301.28125,0
2026-01-08 13:00:00,84297.3671875,84342.84375,84230.53125,84253.953125,0
2026-01-08 13:30:00,84254.3203125,84389.2109375,84207.453125,84370.828125,0
2026-01-08 14:00:00,84370.796875,84428.7265625,84296.0,84321.1796875,0
2026-01-08 14:30:00,84322.6171875,84412.671875,84259.3984375,84276.2265625,0
2026-01-08 15:00:00,84287.40625,84291.1796875,84111.3671875,84181.1875,0
2026-01-09 09:00:00,84107.2109375,84405.3984375,84073.7578125,84081.46875,0
2026-01-09 09:30:00,84078.3828125,84248.71875,84029.109375,84230.1015625,0
2026-01-09 10:00:00,84230.59375,84254.96875,84094.34375,84217.15625,0
2026-01-09 10:30:00,84216.5078125,84218.078125,83929.390625,83978.1484375,0
2026-01-09 11:00:00,83975.65625,83985.09375,83888.859375,83931.0078125,0
2026-01-09 11:30:00,83934.640625,83987.7109375,83707.9765625,83737.2578125,0
2026-01-09 12:00:00,83742.2734375,83797.859375,83658.2109375,83658.6171875,0
2026-01-09 12:30:00,83661.2890625,83694.859375,83509.1875,83560.4921875,0
2026-01-09 13:00:00,83560.640625,83656.8828125,83532.8125,83627.3984375,0
2026-01-09 13:30:00,83628.640625,83703.9921875,83500.7890625,83571.5625,0
2026-01-09 14:00:00,83572.609375,83586.828125,83482.59375,83496.546875,0
2026-01-09 14:30:00,83499.8125,83547.84375,83402.6875,83527.828125,0
2026-01-09 15:00:00,83527.9765625,83638.1171875,83511.453125,83576.6875,0
2026-01-12 09:00:00,83471.3125,83608.3125,83050.953125,83071.9375,0
2026-01-12 09:30:00,83067.0703125,83321.2578125,83052.8984375,83133.8671875,0
2026-01-12 10:00:00,83129.5703125,83236.203125,83091.921875,83199.90625,0
2026-01-12 10:30:00,83200.1484375,83229.03125,83072.609375,83090.84375,0
2026-01-12 11:00:00,83089.9609375,83104.7734375,82954.671875,82963.2265625,0
2026-01-12 11:30:00,82967.3671875,82967.3671875,82861.1875,82937.4765625,0
2026-01-12 12:00:00,82938.2890625,83512.8515625,82917.84375,83451.0625,0
2026-01-12 12:30:00,83453.59375,83711.2890625,83453.59375,83623.6015625,0
2026-01-12 13:00:00,83627.3984375,83674.109375,83508.5,83549.7265625,0
2026-01-12 13:30:00,83547.6015625,83763.2578125,83547.6015625,83721.7890625,0
2026-01-12 14:00:00,83721.7890625,83812.1875,83642.3671875,83771.609375,0
2026-01-12 14:30:00,83772.2109375,83945.7265625,83610.03125,83937.390625,0
2026-01-12 15:00:00,83923.3515625,83923.3515625,83817.8515625,83878.171875,0
2026-01-13 09:00:00,84196.609375,84243.9765625,83770.0625,83781.25,0
2026-01-13 09:30:00,83783.1171875,83854.1328125,83578.5625,83601.2421875,0
2026-01-13 10:00:00,83607.4375,83916.7734375,83589.2109375,83907.9765625,0
2026-01-13 10:30:00,83911.0625,83996.9921875,83758.1484375,83857.1171875,0
2026-01-13 11:00:00,83856.4609375,83916.7578125,83787.109375,83893.2578125,0
2026-01-13 11:30:00,83892.8125,83925.59375,83744.578125,83765.421875,0
2026-01-13 12:00:00,83764.90625,83764.90625,83559.4375,83643.0,0
2026-01-13 12:30:00,83646.5703125,83646.5703125,83388.296875,83415.8203125,0
2026-01-13 13:00:00,83413.6484375,83478.7265625,83325.421875,83413.359375,0
2026-01-13 13:30:00,83413.359375,83490.6328125,83372.03125,83421.4765625,0
2026-01-13 14:00:00,83422.71875,83436.6171875,83271.4609375,83292.15625,0
2026-01-13 14:30:00,83294.5703125,83616.3125,83262.9375,83548.1015625,0
2026-01-13 15:00:00,83564.6484375,83725.7734375,83535.1796875,83628.0234375,0
2026-01-14 09:00:00,83352.1328125,83662.6015625,83338.3515625,83648.2265625,0
2026-01-14 09:30:00,83651.4609375,83714.9296875,83419.9296875,83596.2578125,0
2026-01-14 10:00:00,83599.34375,83608.53125,83375.4609375,83442.703125,0
2026-01-14 10:30:00,83442.890625,83553.8828125,83358.453125,83553.8828125,0
2026-01-14 11:00:00,83554.0625,83726.296875,83501.546875,83721.6328125,0
2026-01-14 11:30:00,83721.7421875,83794.828125,83616.5703125,83758.4609375,0
2026-01-14 12:00:00,83760.890625,83809.9765625,83604.6015625,83690.59375,0
2026-01-14 12:30:00,83690.2578125,83778.6484375,83627.2109375,83667.4375,0
2026-01-14 13:00:00,83667.4375,83712.3671875,83523.3671875,83564.3828125,0
2026-01-14 13:30:00,83568.2578125,83571.75,83266.7421875,83272.15625,0
2026-01-14 14:00:00,83278.75,83408.421875,83186.1484375,83247.15625,0
2026-01-14 14:30:00,83242.6484375,83553.2421875,83227.359375,83462.7265625,0
2026-01-14 15:00:00,83453.6796875,83490.6171875,83303.8515625,83382.7109375,0
2026-01-16 09:00:00,83564.6171875,83722.4765625,83515.7265625,83670.40625,0
2026-01-16 09:30:00,83668.9921875,83772.328125,83528.921875,83708.796875,0
2026-01-16 10:00:00,83708.21875,84098.2109375,83702.7265625,84073.3671875,0
2026-01-16 10:30:00,84071.3828125,84134.03125,83977.953125,83979.96875,0
2026-01-16 11:00:00,83980.3203125,84027.140625,83884.796875,83925.6875,0
2026-01-16 11:30:00,83928.0390625,83974.9609375,83803.5390625,83816.859375,0
2026-01-16 12:00:00,83817.546875,83994.09375,83731.5234375,83754.5078125,0
2026-01-16 12:30:00,83753.796875,83810.4296875,83698.9921875,83713.703125,0
2026-01-16 13:00:00,83713.703125,83716.7265625,83458.078125,83568.28125,0
2026-01-16 13:30:00,83577.0390625,83641.1171875,83531.390625,83548.2109375,0
2026-01-16 14:00:00,83547.4296875,83643.1796875,83505.7734375,83595.3125,0
2026-01-16 14:30:00,83599.359375,83675.71875,83556.921875,83610.921875,0
2026-01-16 15:00:00,83603.578125,83616.328125,83527.6171875,83570.3671875,0
2026-01-19 09:00:00,83494.4921875,83494.4921875,83041.75,83159.40625,0
2026-01-19 09:30:00,83162.53125,83277.7109375,83057.046875,83064.25,0
2026-01-19 10:00:00,83057.1796875,83067.7890625,82926.359375,82949.7265625,0
2026-01-19 10:30:00,82949.171875,83061.3671875,82899.421875,83055.71875,0
2026-01-19 11:00:00,83570.3515625,83570.3515625,82966.3515625,83012.3984375,0
2026-01-19 11:30:00,83011.1328125,83105.640625,82973.671875,83067.7109375,0
2026-01-19 12:00:00,83066.09375,83126.2109375,82976.2890625,83033.1171875,0
2026-01-19 12:30:00,83031.4921875,83133.0,82990.96875,83121.34375,0
2026-01-19 13:00:00,83124.25,83170.6484375,83034.7890625,83055.1875,0
2026-01-19 13:30:00,83052.328125,83330.7890625,83052.328125,83283.9921875,0
2026-01-19 14:00:00,83283.9375,83396.703125,83259.640625,83294.4296875,0
2026-01-19 14:30:00,83296.8984375,83408.3984375,83294.609375,83393.53125,0
2026-01-19 15:00:00,83392.046875,83402.671875,83246.21875,83246.21875,0
2026-01-20 09:00:00,83190.6015625,83249.4921875,82934.7734375,82949.109375,0
2026-01-20 09:30:00,82945.5625,83043.546875,82813.1328125,82877.09375,0
2026-01-20 10:00:00,82875.328125,83035.90625,82872.3125,82981.2890625,0
2026-01-20 10:30:00,82984.640625,83031.421875,82876.5078125,82894.4375,0
2026-01-20 11:00:00,82893.0234375,82924.4921875,82844.25,82906.5,0
2026-01-20 11:30:00,82905.8984375,83021.6015625,82882.703125,82977.4375,0
2026-01-20 12:00:00,82977.7265625,82983.3515625,82794.0,82837.5390625,0
2026-01-20 12:30:00,82836.2109375,82850.546875,82745.578125,82805.890625,0
2026-01-20 13:00:00,82805.640625,82822.0,82751.453125,82773.0390625,0
2026-01-20 13:30:00,82772.34375,82788.34375,82610.453125,82633.0,0
2026-01-20 14:00:00,82632.796875,82672.1015625,82564.5625,82670.1484375,0
2026-01-20 14:30:00,82669.5703125,82693.71875,82460.4375,82460.4375,0
2026-01-20 15:00:00,82450.96875,82450.96875,82156.75,82180.5703125,0
2026-01-21 09:00:00,81833.671875,82279.8515625,81833.671875,82006.859375,0
2026-01-21 09:30:00,82010.7109375,82173.0390625,81912.6171875,81915.796875,0
2026-01-21 10:00:00,81912.0703125,81957.0703125,81672.453125,81712.84375,0
2026-01-21 10:30:00,81716.2265625,81727.3984375,81127.0390625,81335.09375,0
2026-01-21 11:00:00,81334.171875,81623.9296875,81280.9765625,81479.7109375,0
2026-01-21 11:30:00,81480.546875,81655.2265625,81469.3125,81623.5078125,0
2026-01-21 12:00:00,81623.9296875,82018.59375,81609.296875,81843.203125,0
2026-01-21 12:30:00,81844.7578125,82350.140625,81823.9921875,82313.46875,0
2026-01-21 13:00:00,82313.5078125,82406.5078125,82054.8671875,82123.4765625,0
2026-01-21 13:30:00,82123.90625,82185.5,81925.6171875,81936.171875,0
2026-01-21 14:00:00,81936.1171875,82067.3984375,81827.578125,81830.5625,0
2026-01-21 14:30:00,81830.6015625,81962.0078125,81828.171875,81869.1171875,0
2026-01-21 15:00:00,81869.21875,82015.75,81835.8515625,81909.6328125,0
2026-01-22 09:00:00,82493.421875,82654.84375,82386.2265625,82615.2265625,0
2026-01-22 09:30:00,82615.140625,82782.5078125,82593.90625,82671.953125,0
2026-01-22 10:00:00,82667.7109375,82716.71875,82270.078125,82270.078125,0
2026-01-22 10:30:00,82272.328125,82411.09375,82056.828125,82056.828125,0
2026-01-22 11:00:00,82059.59375,82257.25,81981.921875,82168.0078125,0
2026-01-22 11:30:00,82169.3515625,82200.7890625,81915.8515625,81953.546875,0
2026-01-22 12:00:00,81953.28125,82260.1171875,81950.4296875,82177.171875,0
2026-01-22 12:30:00,82176.109375,82225.2734375,82006.5625,82015.34375,0
2026-01-22 13:00:00,82015.1875,82060.46875,81878.8671875,81921.8515625,0
2026-01-22 13:30:00,81919.9765625,82143.6796875,81876.8671875,82097.8828125,0
2026-01-22 14:00:00,82097.03125,82138.609375,81875.828125,82117.171875,0
2026-01-22 14:30:00,82126.6015625,82397.0625,82105.03125,82322.828125,0
2026-01-22 15:00:00,82324.2265625,82332.40625,82124.5625,82307.3671875,0
2026-01-23 09:00:00,82392.6171875,82513.6484375,82191.828125,82449.546875,0
2026-01-23 09:30:00,82452.1171875,82452.1171875,82207.1015625,82269.09375,0
2026-01-23 10:00:00,82268.75,82314.0625,82131.4921875,82249.1171875,0
2026-01-23 10:30:00,82253.0625,82343.8203125,82198.3515625,82241.7578125,0
2026-01-23 11:00:00,82239.1484375,82302.9921875,82165.6171875,82239.3828125,0
2026-01-23 11:30:00,82240.390625,82251.3125,81963.171875,82057.7890625,0
2026-01-23 12:00:00,82052.4609375,82069.1796875,81947.8515625,82021.421875,0
2026-01-23 12:30:00,82021.421875,82128.171875,82005.7734375,82012.8125,0
2026-01-23 13:00:00,82008.9296875,82023.25,81768.8203125,81770.359375,0
2026-01-23 13:30:00,81771.65625,81776.03125,81510.578125,81556.4609375,0
2026-01-23 14:00:00,81556.4609375,81638.1796875,81490.5703125,81588.21875,0
2026-01-23 14:30:00,81589.046875,81710.8671875,81568.59375,81681.3828125,0
2026-01-23 15:00:00,81679.8203125,81687.1796875,81475.7265625,81537.7421875,0
2026-01-27 09:00:00,81455.96875,81708.1875,81089.78125,81148.59375,0
2026-01-27 09:30:00,81150.296875,81841.3203125,81103.671875,81637.3984375,0
2026-01-27 10:00:00,81639.890625,81899.703125,81576.7265625,81703.8828125,0
2026-01-27 10:30:00,81699.65625,81751.5,81248.421875,81250.25,0
2026-01-27 11:00:00,81249.796875,81498.8125,81236.6484375,81478.109375,0
2026-01-27 11:30:00,81476.0703125,81812.671875,81467.6171875,81624.2734375,0
2026-01-27 12:00:00,81625.2734375,81733.9921875,81592.6796875,81625.9375,0
2026-01-27 12:30:00,81626.1328125,81639.796875,81465.71875,81573.78125,0
2026-01-27 13:00:00,81573.78125,81673.84375,81506.09375,81660.828125,0
2026-01-27 13:30:00,81660.828125,81704.609375,81359.6875,81470.84375,0
2026-01-27 14:00:00,81468.03125,81489.34375,81310.8515625,81405.6328125,0
2026-01-27 14:30:00,81405.390625,81774.0,81386.78125,81734.0625,0
2026-01-27 15:00:00,81734.28125,81857.4765625,81599.0625,81857.4765625,0
2026-01-28 09:00:00,82054.359375,82496.0078125,82054.359375,82428.71875,0
2026-01-28 09:30:00,82419.3984375,82471.2265625,82168.3984375,82275.796875,0
2026-01-28 10:00:00,82277.8828125,82320.5234375,82063.953125,82130.3828125,0
2026-01-28 10:30:00,82121.640625,82300.3671875,82070.0390625,82260.2109375,0
2026-01-28 11:00:00,82261.421875,82422.796875,82230.546875,82385.1796875,0
2026-01-28 11:30:00,82385.4765625,82399.859375,82218.6171875,82314.4609375,0
2026-01-28 12:00:00,82316.1875,82360.34375,82117.4765625,82132.15625,0
2026-01-28 12:30:00,82138.1796875,82179.8125,82064.4609375,82087.8203125,0
2026-01-28 13:00:00,82087.4375,82175.3828125,81934.6171875,82009.0078125,0
2026-01-28 13:30:00,82008.6484375,82037.671875,81814.9375,81955.890625,0
2026-01-28 14:00:00,81955.59375,82022.21875,81859.140625,81986.140625,0
2026-01-28 14:30:00,81988.828125,82315.03125,81949.0078125,82274.203125,0
2026-01-28 15:00:00,82295.3125,82361.140625,82261.921875,82344.59375,0
2026-01-29 09:00:00,82378.4609375,82378.4609375,82001.9921875,82045.0625,0
2026-01-29 09:30:00,82048.46875,82093.09375,81710.3984375,81768.546875,0
2026-01-29 10:00:00,81775.078125,81956.078125,81728.21875,81846.609375,0
2026-01-29 10:30:00,81846.328125,81989.046875,81758.7734375,81966.390625,0
2026-01-29 11:00:00,81966.5390625,82180.2734375,81944.03125,82104.453125,0
2026-01-29 11:30:00,82100.5,82153.65625,81978.453125,82055.75,0
2026-01-29 12:00:00,82058.2734375,82181.7890625,82021.7421875,82151.4921875,0
2026-01-29 12:30:00,82148.5703125,82366.3203125,82146.9921875,82301.2578125,0
2026-01-29 13:00:00,82300.2109375,82444.2265625,82282.3984375,82324.9609375,0
2026-01-29 13:30:00,82322.0703125,82613.53125,82307.859375,82596.6875,0
2026-01-29 14:00:00,82599.890625,82627.5703125,82449.0703125,82602.59375,0
2026-01-29 14:30:00,82602.0234375,82688.7890625,82582.796875,82620.1796875,0
2026-01-29 15:00:00,82626.953125,82643.0390625,82524.453125,82566.390625,0
2026-01-30 09:00:00,82038.0234375,82187.1015625,82017.8671875,82059.140625,0
2026-01-30 09:30:00,82061.4296875,82269.15625,81983.65625,82175.296875,0
2026-01-30 10:00:00,82172.7421875,82282.390625,82119.25,82160.0234375,0
2026-01-30 10:30:00,82163.03125,82257.9296875,82149.0234375,82208.40625,0
2026-01-30 11:00:00,82208.28125,82235.3203125,82022.2109375,82073.8984375,0
2026-01-30 11:30:00,82074.25,82182.140625,81997.9921875,82081.5703125,0
2026-01-30 12:00:00,82082.6171875,82241.78125,82031.2265625,82175.1015625,0
2026-01-30 12:30:00,82178.1484375,82228.953125,82137.296875,82202.921875,0
2026-01-30 13:00:00,82203.5703125,82213.4375,81969.2890625,81991.2421875,0
2026-01-30 13:30:00,81993.171875,82566.3671875,81988.2890625,82339.5390625,0
2026-01-30 14:00:00,82341.0,82430.46875,82302.3515625,82323.0625,0
2026-01-30 14:30:00,82325.078125,82402.7421875,82210.140625,82363.5703125,0
2026-01-30 15:00:00,82372.2734375,82374.6171875,82167.7265625,82269.78125,0
2026-02-03 09:00:00,85575.453125,85709.7578125,83887.2734375,83977.53125,0
2026-02-03 09:30:00,83977.84375,83977.84375,83597.390625,83683.90625,0
2026-02-03 10:00:00,83676.390625,83989.21875,83502.1796875,83929.3828125,0
2026-02-03 10:30:00,83930.640625,84085.828125,83846.6484375,83962.7265625,0
2026-02-03 11:00:00,83967.53125,84076.65625,83908.78125,84052.609375,0
2026-02-03 11:30:00,84047.34375,84199.4609375,84010.7890625,84133.5078125,0
2026-02-03 12:00:00,84133.7578125,84140.078125,83917.5234375,83933.046875,0
2026-02-03 12:30:00,83929.3125,84013.3671875,83893.796875,83971.1171875,0
2026-02-03 13:00:00,83972.0,84022.546875,83806.0078125,83878.1875,0
2026-02-03 13:30:00,83880.359375,84008.4921875,83766.0078125,83888.546875,0
2026-02-03 14:00:00,83889.1875,83940.078125,83835.578125,83878.2265625,0
2026-02-03 14:30:00,83877.78125,83950.25,83801.0234375,83911.109375,0
2026-02-03 15:00:00,83914.4296875,83931.3125,83645.96875,83739.1328125,0
2026-02-04 09:00:00,83483.953125,83846.9296875,83149.2421875,83728.578125,0
2026-02-04 09:30:00,83737.6875,83884.53125,83667.171875,83793.8984375,0
2026-02-04 10:00:00,83792.109375,83867.3203125,83631.2109375,83671.421875,0
2026-02-04 10:30:00,83673.90625,83745.1875,83555.8125,83706.140625,0
2026-02-04 11:00:00,83704.609375,83763.6328125,83509.0703125,83544.359375,0
2026-02-04 11:30:00,83542.921875,83655.453125,83510.5625,83637.7734375,0
2026-02-04 12:00:00,83639.0,83720.390625,83578.296875,83706.4609375,0
2026-02-04 12:30:00,83706.96875,83763.03125,83558.890625,83561.421875,0
2026-02-04 13:00:00,83560.890625,83755.09375,83552.1796875,83742.4921875,0
2026-02-04 13:30:00,83748.8671875,83864.0078125,83744.7265625,83805.390625,0
2026-02-04 14:00:00,83806.640625,83947.53125,83739.3671875,83872.296875,0
2026-02-04 14:30:00,83876.203125,83943.25,83808.0234375,83818.609375,0
2026-02-04 15:00:00,83822.46875,83938.453125,83808.203125,83819.0234375,0
2026-02-05 09:00:00,83666.8671875,83762.7265625,83504.75,83561.6875,0
2026-02-05 09:30:00,83560.390625,83674.0078125,83313.4609375,83412.6328125,0
2026-02-05 10:00:00,83412.296875,83601.78125,83352.5703125,83487.59375,0
2026-02-05 10:30:00,83487.78125,83492.1796875,83312.421875,83375.6875,0
2026-02-05 11:00:00,83373.7109375,83538.4375,83324.15625,83455.203125,0
2026-02-05 11:30:00,83456.9765625,83507.0078125,83320.8515625,83410.5703125,0
2026-02-05 12:00:00,83411.15625,83434.9765625,83288.140625,83333.359375,0
2026-02-05 12:30:00,83327.7578125,83403.40625,83271.390625,83380.1171875,0
2026-02-05 13:00:00,83375.921875,83418.5625,83250.2734375,83258.0390625,0
2026-02-05 13:30:00,83269.8671875,83388.4375,83259.671875,83333.40625,0
2026-02-05 14:00:00,83333.4609375,83359.890625,83152.828125,83232.0,0
2026-02-05 14:30:00,83232.9921875,83363.2734375,83224.6796875,83345.609375,0
2026-02-05 15:00:00,83354.609375,83428.2265625,83271.9375,83313.890625,0
2026-02-06 09:00:00,83275.890625,83330.7578125,83096.1171875,83142.8984375,0
2026-02-06 09:30:00,83140.84375,83141.109375,82988.890625,83075.8203125,0
2026-02-06 10:00:00,83072.109375,83114.9375,82945.5625,82975.546875,0
2026-02-06 10:30:00,82976.3125,83032.2265625,82926.34375,83019.28125,0
2026-02-06 11:00:00,83020.46875,83257.609375,83020.46875,83228.0078125,0
2026-02-06 11:30:00,83227.46875,83402.71875,83211.7265625,83379.2578125,0
2026-02-06 12:00:00,83379.8828125,83457.1875,83158.859375,83189.421875,0
2026-02-06 12:30:00,83188.84375,83190.34375,83054.21875,83156.0625,0
2026-02-06 13:00:00,83160.2890625,83221.4765625,83113.6875,83197.8984375,0
2026-02-06 13:30:00,83207.0,83384.3984375,83140.3125,83361.84375,0
2026-02-06 14:00:00,83361.84375,83404.6484375,83297.53125,83335.3125,0
2026-02-06 14:30:00,83334.09375,83507.2265625,83319.5390625,83504.7890625,0
2026-02-06 15:00:00,83511.5078125,83610.3828125,83511.5078125,83580.578125,0
2026-02-09 09:00:00,84177.5078125,84299.453125,83922.609375,84006.1015625,0
2026-02-09 09:30:00,84005.890625,84038.9375,83860.421875,83974.3125,0
2026-02-09 10:00:00,83967.7734375,84018.6328125,83888.203125,83922.34375,0
2026-02-09 10:30:00,83917.953125,84103.5703125,83916.6015625,84097.2578125,0
2026-02-09 11:00:00,84097.6484375,84102.2890625,84040.4375,84048.859375,0
2026-02-09 11:30:00,84048.859375,84084.6015625,83966.59375,83995.8828125,0
2026-02-09 12:00:00,83997.71875,84071.84375,83975.40625,84031.59375,0
2026-02-09 12:30:00,84032.5234375,84032.9921875,83928.671875,83984.75,0
2026-02-09 13:00:00,83985.2421875,84051.1796875,83974.171875,83984.7421875,0
2026-02-09 13:30:00,83988.6484375,84049.453125,83981.5625,84005.203125,0
2026-02-09 14:00:00,84011.671875,84058.8984375,83975.5703125,84040.578125,0
2026-02-09 14:30:00,84041.71875,84051.3125,83978.0078125,84022.3203125,0
2026-02-09 15:00:00,84025.8671875,84083.2109375,84025.8671875,84066.390625,0
2026-02-10 09:00:00,84197.9609375,84293.15625,84064.6015625,84250.2578125,0
2026-02-10 09:30:00,84250.0390625,84373.78125,84224.171875,84343.9375,0
2026-02-10 10:00:00,84346.0390625,84412.1328125,84310.3125,84398.328125,0
2026-02-10 10:30:00,84398.1484375,84447.3671875,84360.21875,84401.15625,0
2026-02-10 11:00:00,84395.4296875,84430.640625,84345.2578125,84367.6328125,0
2026-02-10 11:30:00,84371.7890625,84399.296875,84336.8203125,84395.0078125,0
2026-02-10 12:00:00,84392.859375,84408.25,84348.109375,84360.6796875,0
2026-02-10 12:30:00,84358.9375,84482.953125,84336.59375,84414.453125,0
2026-02-10 13:00:00,84412.0234375,84456.578125,84272.640625,84308.2421875,0
2026-02-10 13:30:00,84302.28125,84302.59375,84206.09375,84208.0703125,0
2026-02-10 14:00:00,84209.40625,84301.2734375,84157.1171875,84246.328125,0
2026-02-10 14:30:00,84246.046875,84323.0234375,84196.5,84314.1796875,0
2026-02-10 15:00:00,84319.859375,84392.1171875,84265.9609375,84273.9375,0
2026-02-11 09:00:00,84479.359375,84479.359375,84264.5234375,84342.7578125,0
2026-02-11 09:30:00,84344.546875,84358.109375,84173.7421875,84284.78125,0
2026-02-11 10:00:00,84279.8515625,84336.3515625,84147.59375,84336.1875,0
2026-02-11 10:30:00,84335.6171875,84382.5625,84291.7890625,84323.09375,0
2026-02-11 11:00:00,84322.328125,84341.421875,84210.84375,84299.3984375,0
2026-02-11 11:30:00,84300.6328125,84363.171875,84224.4765625,84227.5390625,0
2026-02-11 12:00:00,84226.21875,84302.1015625,84192.953125,84219.0078125,0
2026-02-11 12:30:00,84222.7265625,84235.359375,84082.2265625,84180.3125,0
2026-02-11 13:00:00,84178.34375,84223.78125,84119.921875,84222.4296875,0
2026-02-11 13:30:00,84223.3203125,84301.3671875,84147.34375,84175.359375,0
2026-02-11 14:00:00,84174.203125,84295.21875,84151.4765625,84223.546875,0
2026-02-11 14:30:00,84223.9609375,84246.0,84165.7734375,84191.2578125,0
2026-02-11 15:00:00,84199.8203125,84275.109375,84199.8203125,84233.609375,0
2026-02-12 09:00:00,84021.703125,84021.703125,83818.9296875,83836.5234375,0
2026-02-12 09:30:00,83831.7578125,83949.859375,83796.953125,83915.25,0
2026-02-12 10:00:00,83911.15625,83991.7578125,83862.6875,83939.65625,0
2026-02-12 10:30:00,83927.8125,83941.859375,83855.7421875,83872.6484375,0
2026-02-12 11:00:00,83865.2109375,83908.8984375,83771.0625,83791.8515625,0
2026-02-12 11:30:00,83789.71875,83798.8984375,83696.15625,83764.8671875,0
2026-02-12 12:00:00,83767.2265625,83822.0703125,83707.1171875,83760.9375,0
2026-02-12 12:30:00,83766.7109375,83863.0234375,83761.9609375,83852.46875,0
2026-02-12 13:00:00,83853.1484375,83931.3515625,83764.109375,83864.7265625,0
2026-02-12 13:30:00,83866.53125,83889.7421875,83686.34375,83717.9609375,0
2026-02-12 14:00:00,83717.2421875,83802.7734375,83675.7421875,83759.3671875,0
2026-02-12 14:30:00,83755.25,83773.7265625,83519.0390625,83620.5703125,0
2026-02-12 15:00:00,83620.09375,83774.046875,83607.7109375,83674.9296875,0
2026-02-13 09:00:00,82915.9375,83063.8515625,82905.1328125,82983.6875,0
2026-02-13 09:30:00,82985.328125,82985.328125,82794.109375,82827.0703125,0
2026-02-13 10:00:00,82830.75,82890.09375,82776.890625,82871.46875,0
2026-02-13 10:30:00,82864.4765625,82981.9921875,82847.15625,82914.6328125,0
2026-02-13 11:00:00,82917.171875,82924.1328125,82803.5390625,82876.75,0
2026-02-13 11:30:00,82881.4921875,82885.8125,82796.71875,82881.2734375,0
2026-02-13 12:00:00,82883.3984375,83038.75,82871.9609375,82991.1484375,0
2026-02-13 12:30:00,82990.0390625,83035.6875,82818.28125,82837.1796875,0
2026-02-13 13:00:00,82836.3125,82983.3203125,82796.8984375,82864.4609375,0
2026-02-13 13:30:00,82865.1875,82878.5390625,82699.640625,82780.90625,0
2026-02-13 14:00:00,82779.703125,82817.7578125,82733.796875,82801.7734375,0
2026-02-13 14:30:00,82797.3515625,82809.34375,82706.296875,82767.4609375,0
2026-02-13 15:00:00,82768.1015625,82778.4296875,82615.25,82626.7890625,0
2026-02-16 09:00:00,82469.65625,82680.4609375,82316.640625,82611.203125,0
2026-02-16 09:30:00,82608.0,82784.9296875,82503.203125,82696.296875,0
2026-02-16 10:00:00,82694.5625,82903.7890625,82694.3828125,82799.078125,0
2026-02-16 10:30:00,82798.296875,82834.328125,82718.6328125,82765.609375,0
2026-02-16 11:00:00,82766.15625,82823.171875,82721.109375,82731.1875,0
2026-02-16 11:30:00,82736.5625,82786.6171875,82698.6875,82765.3828125,0
2026-02-16 12:00:00,82767.859375,82930.78125,82767.859375,82930.78125,0
2026-02-16 12:30:00,82934.2890625,82982.7109375,82837.7265625,82871.1171875,0
2026-02-16 13:00:00,82872.7578125,82953.8828125,82868.78125,82948.5,0
2026-02-16 13:30:00,82952.2734375,82989.359375,82836.34375,82890.8984375,0
2026-02-16 14:00:00,82891.15625,83097.796875,82884.4921875,83097.0625,0
2026-02-16 14:30:00,83095.0078125,83241.1796875,83093.8515625,83221.421875,0
2026-02-16 15:00:00,83221.8125,83332.1171875,83221.8125,83277.0625,0
2026-02-17 09:00:00,83197.671875,83239.8828125,82987.6015625,83050.8203125,0
2026-02-17 09:30:00,83052.2734375,83340.421875,83028.6484375,83316.75,0
2026-02-17 10:00:00,83317.6328125,83503.5078125,83262.2265625,83493.15625,0
2026-02-17 10:30:00,83493.15625,83521.0703125,83255.0234375,83335.703125,0
2026-02-17 11:00:00,83333.3984375,83421.7265625,83293.078125,83421.28125,0
2026-02-17 11:30:00,83423.828125,83586.5703125,83390.75,83527.3125,0
2026-02-17 12:00:00,83527.3125,83587.9921875,83489.140625,83525.5625,0
2026-02-17 12:30:00,83526.78125,83585.1015625,83486.2265625,83511.3984375,0
2026-02-17 13:00:00,83510.34375,83587.46875,83440.8828125,83516.3515625,0
2026-02-17 13:30:00,83515.6328125,83597.828125,83381.2734375,83387.2578125,0
2026-02-17 14:00:00,83387.65625,83491.359375,83284.2578125,83340.3828125,0
2026-02-17 14:30:00,83340.203125,83487.796875,83320.703125,83401.75,0
2026-02-17 15:00:00,83428.890625,83519.390625,83374.1015625,83450.9609375,0
2026-02-18 09:00:00,83552.3515625,83552.3515625,83362.2890625,83427.640625,0
2026-02-18 09:30:00,83427.9921875,83497.9375,83197.578125,83246.5234375,0
2026-02-18 10:00:00,83244.1171875,83275.03125,83163.6171875,83228.671875,0
2026-02-18 10:30:00,83235.71875,83387.0234375,83176.1484375,83348.25,0
2026-02-18 11:00:00,83350.78125,83395.796875,83277.8671875,83328.890625,0
2026-02-18 11:30:00,83326.9765625,83417.7578125,83279.203125,83358.09375,0
2026-02-18 12:00:00,83359.546875,83458.6171875,83347.0078125,83426.7734375,0
2026-02-18 12:30:00,83428.59375,83495.09375,83402.453125,83461.296875,0
2026-02-18 13:00:00,83460.6015625,83542.2265625,83394.8125,83449.109375,0
2026-02-18 13:30:00,83443.40625,83497.9296875,83326.3515625,83404.3125,0
2026-02-18 14:00:00,83404.828125,83661.1015625,83394.4296875,83627.5,0
2026-02-18 14:30:00,83629.4609375,83674.4765625,83563.546875,83642.1484375,0
2026-02-18 15:00:00,83660.34375,83766.90625,83660.34375,83734.171875,0
2026-02-19 09:00:00,83975.9765625,83975.9765625,83674.1015625,83697.453125,0
2026-02-19 09:30:00,83696.328125,83711.8515625,83556.1875,83583.671875,0
2026-02-19 10:00:00,83583.1484375,83659.4375,83433.0,83478.4375,0
2026-02-19 10:30:00,83477.84375,83509.2421875,83366.2578125,83422.828125,0
2026-02-19 11:00:00,83419.5,83480.4375,83252.2109375,83285.703125,0
2026-02-19 11:30:00,83283.609375,83288.9765625,83147.921875,83176.796875,0
2026-02-19 12:00:00,83176.796875,83198.96875,82943.4921875,83074.953125,0
2026-02-19 12:30:00,83075.609375,83083.90625,82864.453125,82959.0625,0
2026-02-19 13:00:00,82957.3671875,83087.7890625,82926.7578125,83041.2421875,0
2026-02-19 13:30:00,83041.140625,83044.359375,82827.0390625,82827.0390625,0
2026-02-19 14:00:00,82827.1171875,82983.578125,82775.09375,82775.09375,0
2026-02-19 14:30:00,82777.546875,82886.953125,82588.2421875,82676.046875,0
2026-02-19 15:00:00,82667.8125,82694.15625,82420.84375,82498.171875,0
2026-02-20 09:00:00,82328.09375,82546.109375,82227.78125,82227.828125,0
2026-02-20 09:30:00,82227.5234375,82665.8203125,82227.5234375,82658.6015625,0
2026-02-20 10:00:00,82659.1171875,82833.609375,82502.6796875,82780.671875,0
2026-02-20 10:30:00,82785.8671875,82946.0,82784.7109375,82874.109375,0
2026-02-20 11:00:00,82874.421875,82902.3203125,82787.453125,82878.53125,0
2026-02-20 11:30:00,82878.21875,82973.7890625,82856.796875,82923.0,0
2026-02-20 12:00:00,82921.1015625,83131.28125,82857.078125,83088.0390625,0
2026-02-20 12:30:00,83095.5625,83113.890625,82836.328125,82893.4765625,0
2026-02-20 13:00:00,82892.5625,82942.0234375,82691.0234375,82822.4375,0
2026-02-20 13:30:00,82821.7109375,82941.7421875,82789.171875,82919.21875,0
2026-02-20 14:00:00,82919.9375,83043.4765625,82856.8203125,82915.1015625,0
2026-02-20 14:30:00,82910.3828125,83086.9609375,82893.7421875,83045.7890625,0
2026-02-20 15:00:00,83059.8515625,83070.859375,82781.65625,82814.96875,0
2026-02-23 09:00:00,83060.28125,83469.1796875,83039.5703125,83442.2265625,0
2026-02-23 09:30:00,83442.1875,83485.9765625,83268.3984375,83332.609375,0
2026-02-23 10:00:00,83327.46875,83350.84375,83225.1484375,83243.96875,0
2026-02-23 10:30:00,83246.2734375,83262.453125,83075.9765625,83144.421875,0
2026-02-23 11:00:00,83144.390625,83245.1484375,83106.859375,83141.71875,0
2026-02-23 11:30:00,83140.1171875,83185.3203125,83062.8203125,83131.3515625,0
2026-02-23 12:00:00,83130.6796875,83218.5,83102.453125,83119.6015625,0
2026-02-23 12:30:00,83120.6015625,83239.3203125,83068.21875,83073.46875,0
2026-02-23 13:00:00,83072.609375,83174.1171875,83042.0078125,83172.8984375,0
2026-02-23 13:30:00,83171.34375,83211.2109375,83053.34375,83068.5234375,0
2026-02-23 14:00:00,83067.640625,83184.96875,82979.28125,83184.96875,0
2026-02-23 14:30:00,83186.2578125,83300.796875,83159.9765625,83168.46875,0
2026-02-23 15:00:00,83168.671875,83347.703125,83168.671875,83294.578125,0
2026-02-24 09:00:00,83041.5,83041.5,82704.6484375,82709.1171875,0
2026-02-24 09:30:00,82709.921875,82710.71875,82481.9609375,82579.2734375,0
2026-02-24 10:00:00,82579.53125,82635.1796875,82451.6875,82522.96875,0
2026-02-24 10:30:00,82524.0234375,82571.1796875,82412.0,82437.5078125,0
2026-02-24 11:00:00,82438.1328125,82589.0625,82434.0078125,82579.2890625,0
2026-02-24 11:30:00,82575.7265625,82611.96875,82439.3984375,82439.3984375,0
2026-02-24 12:00:00,82440.7578125,82444.8125,82264.46875,82298.171875,0
2026-02-24 12:30:00,82298.8828125,82320.1328125,82134.15625,82182.1484375,0
2026-02-24 13:00:00,82183.4765625,82276.421875,82106.296875,82106.296875,0
2026-02-24 13:30:00,82106.5703125,82201.796875,81934.859375,82184.5703125,0
2026-02-24 14:00:00,82183.578125,82333.7890625,82103.53125,82195.4609375,0
2026-02-24 14:30:00,82194.4609375,82245.671875,82045.9921875,82216.109375,0
2026-02-24 15:00:00,82217.7578125,82269.0234375,82122.8125,82225.828125,0
2026-02-25 09:00:00,82513.296875,82804.1015625,82513.296875,82754.3125,0
2026-02-25 09:30:00,82759.8125,82807.1484375,82664.4296875,82791.078125,0
2026-02-25 10:00:00,82794.21875,82957.7109375,82772.59375,82868.6015625,0
2026-02-25 10:30:00,82867.0703125,82920.296875,82752.6484375,82796.4375,0
2026-02-25 11:00:00,82802.53125,82840.5078125,82698.0234375,82761.6171875,0
2026-02-25 11:30:00,82762.65625,82785.6328125,82645.8125,82654.6328125,0
2026-02-25 12:00:00,82653.15625,82739.3515625,82620.34375,82657.921875,0
2026-02-25 12:30:00,82659.390625,82670.96875,82234.78125,82292.7265625,0
2026-02-25 13:00:00,82290.9375,82320.2109375,82141.3671875,82230.4765625,0
2026-02-25 13:30:00,82230.3828125,82292.640625,82190.0078125,82262.6171875,0
2026-02-25 14:00:00,82266.46875,82376.96875,82132.6328125,82189.7109375,0
2026-02-25 14:30:00,82191.703125,82308.21875,82144.859375,82227.59375,0
2026-02-25 15:00:00,82237.5,82364.3828125,82213.15625,82275.78125,0
2026-02-26 09:00:00,82464.890625,82563.46875,82247.171875,82296.2578125,0
2026-02-26 09:30:00,82300.8984375,82539.109375,82287.3203125,82365.453125,0
2026-02-26 10:00:00,82363.859375,82550.28125,82337.5390625,82375.2578125,0
2026-02-26 10:30:00,82371.640625,82481.7890625,82326.7265625,82348.3828125,0
2026-02-26 11:00:00,82340.578125,82549.9765625,82296.796875,82414.0703125,0
2026-02-26 11:30:00,82412.21875,82442.7421875,82131.1328125,82163.3203125,0
2026-02-26 12:00:00,82169.2890625,82264.96875,81983.9609375,82089.71875,0
2026-02-26 12:30:00,82096.296875,82191.90625,82000.4375,82012.4375,0
2026-02-26 13:00:00,82012.09375,82153.3828125,81971.6484375,82107.671875,0
2026-02-26 13:30:00,82107.0,82165.171875,82019.2109375,82133.03125,0
2026-02-26 14:00:00,82134.1484375,82197.6171875,82007.2265625,82130.5,0
2026-02-26 14:30:00,82129.7265625,82412.4375,82075.71875,82297.46875,0
2026-02-26 15:00:00,82298.2734375,82376.4375,82181.359375,82248.609375,0
2026-02-27 09:00:00,82119.6484375,82126.8984375,81869.3671875,81869.3671875,0
2026-02-27 09:30:00,81870.34375,81943.078125,81794.796875,81795.3203125,0
2026-02-27 10:00:00,81798.3828125,81808.390625,81673.3828125,81786.2109375,0
2026-02-27 10:30:00,81789.34375,81852.1015625,81717.6875,81723.7421875,0
2026-02-27 11:00:00,81719.5703125,81820.109375,81713.1796875,81729.421875,0
2026-02-27 11:30:00,81730.71875,81754.890625,81620.859375,81743.1484375,0
2026-02-27 12:00:00,81741.171875,81789.453125,81596.4921875,81699.9296875,0
2026-02-27 12:30:00,81696.8984375,81732.2109375,81589.2421875,81613.2734375,0
2026-02-27 13:00:00,81609.640625,81677.65625,81593.8515625,81672.046875,0
2026-02-27 13:30:00,81672.171875,81816.7734375,81625.8203125,81808.3671875,0
2026-02-27 14:00:00,81809.359375,81841.1875,81631.84375,81637.6015625,0
2026-02-27 14:30:00,81636.8671875,81692.21875,81611.140625,81686.7265625,0
2026-02-27 15:00:00,81681.7421875,81686.6328125,81159.6015625,81287.34375,0
2026-03-02 09:00:00,78689.453125,80478.09375,78689.453125,80333.65625,0
2026-03-02 09:30:00,80327.6015625,80632.546875,80298.0390625,80496.0234375,0
2026-03-02 10:00:00,80496.6796875,80524.3984375,80216.578125,80253.0625,0
2026-03-02 10:30:00,80237.1796875,80330.6171875,80099.4921875,80235.671875,0
2026-03-02 11:00:00,80241.171875,80269.953125,80019.578125,80029.4765625,0
2026-03-02 11:30:00,80034.2890625,80166.9296875,79988.21875,80000.6328125,0
2026-03-02 12:00:00,79999.5,80001.4375,79777.859375,79812.8671875,0
2026-03-02 12:30:00,79813.3203125,79844.4296875,79659.359375,79711.796875,0
2026-03-02 13:00:00,79716.109375,79747.8125,79646.15625,79657.2890625,0
2026-03-02 13:30:00,79660.6796875,79690.8671875,79426.1015625,79450.5,0
2026-03-02 14:00:00,79451.2578125,80012.3671875,79421.046875,79806.09375,0
2026-03-02 14:30:00,79805.6015625,80291.96875,79771.0234375,80075.0078125,0
2026-03-02 15:00:00,80098.9921875,80345.640625,80035.2109375,80238.9921875,0
2026-03-04 09:00:00,78612.5390625,78921.53125,78448.4609375,78570.953125,0
2026-03-04 09:30:00,78572.34375,78782.953125,78461.7578125,78528.2421875,0
2026-03-04 10:00:00,78528.8125,78912.8125,78458.4296875,78859.8125,0
2026-03-04 10:30:00,78856.9921875,78868.3125,78709.8984375,78788.34375,0
2026-03-04 11:00:00,78786.7421875,79015.15625,78689.296875,78713.78125,0
2026-03-04 11:30:00,78723.9921875,78811.34375,78670.4609375,78741.671875,0
2026-03-04 12:00:00,78743.84375,78846.390625,78718.15625,78743.6484375,0
2026-03-04 12:30:00,78747.6484375,78942.578125,78720.1875,78908.9296875,0
2026-03-04 13:00:00,78905.25,79080.21875,78890.3828125,79015.546875,0
2026-03-04 13:30:00,79016.859375,79064.2109375,78875.78125,78955.03125,0
2026-03-04 14:00:00,78954.8984375,79403.8984375,78954.8984375,79257.40625,0
2026-03-04 14:30:00,79259.140625,79526.8203125,79171.34375,79444.96875,0
2026-03-04 15:00:00,79451.7734375,79451.7734375,79028.2421875,79116.1875,0
2026-03-05 09:00:00,79546.8671875,79666.4609375,79316.9296875,79342.2890625,0
2026-03-05 09:30:00,79349.4296875,79642.03125,79228.6171875,79552.921875,0
2026-03-05 10:00:00,79550.8671875,79596.8515625,79218.6015625,79336.8203125,0
2026-03-05 10:30:00,79335.609375,79675.3671875,79267.859375,79667.9921875,0
2026-03-05 11:00:00,79667.7421875,79679.84375,79471.46875,79483.40625,0
2026-03-05 11:30:00,79485.8828125,79581.796875,79304.5078125,79385.421875,0
2026-03-05 12:00:00,79386.46875,79607.0,79370.703125,79602.90625,0
2026-03-05 12:30:00,79605.3515625,79658.0390625,79492.4296875,79630.1875,0
2026-03-05 13:00:00,79630.390625,79650.9765625,79500.140625,79579.59375,0
2026-03-05 13:30:00,79582.140625,79647.6328125,79313.671875,79325.3671875,0
2026-03-05 14:00:00,79324.28125,79526.9765625,79202.09375,79476.546875,0
2026-03-05 14:30:00,79480.3125,80302.25,79344.8515625,80281.4296875,0
2026-03-05 15:00:00,80287.03125,80302.390625,79817.03125,80015.8984375,0
2026-03-06 09:00:00,79624.390625,79713.9296875,79444.71875,79706.7578125,0
2026-03-06 09:30:00,79713.828125,79747.34375,79537.6796875,79541.8203125,0
2026-03-06 10:00:00,79543.1796875,79691.7109375,79522.140625,79613.1484375,0
2026-03-06 10:30:00,79611.3984375,79614.109375,79395.9296875,79448.6484375,0
2026-03-06 11:00:00,79448.0390625,79618.171875,79432.4765625,79474.5234375,0
2026-03-06 11:30:00,79471.03125,79605.953125,79468.296875,79513.4375,0
2026-03-06 12:00:00,79514.40625,79527.5,79346.296875,79352.28125,0
2026-03-06 12:30:00,79352.28125,79442.8828125,79352.0703125,79432.046875,0
2026-03-06 13:00:00,79432.046875,79452.5234375,79367.0625,79441.90625,0
2026-03-06 13:30:00,79441.15625,79474.6875,79248.8984375,79248.8984375,0
2026-03-06 14:00:00,79247.0234375,79455.1875,79209.109375,79385.3203125,0
2026-03-06 14:30:00,79387.9375,79415.71875,78911.046875,79042.5,0
2026-03-06 15:00:00,79039.4375,79058.5234375,78864.671875,78918.796875,0
2026-03-09 09:00:00,76854.6328125,77321.78125,76424.8515625,76561.046875,0
2026-03-09 09:30:00,76566.84375,76780.75,76511.1875,76707.9296875,0
2026-03-09 10:00:00,76702.8125,76903.53125,76628.9921875,76762.4609375,0
2026-03-09 10:30:00,76759.796875,77178.546875,76652.40625,77057.1875,0
2026-03-09 11:00:00,77068.4296875,77138.1015625,76818.0703125,77110.3125,0
2026-03-09 11:30:00,77108.203125,77277.8125,77060.2890625,77116.8203125,0
2026-03-09 12:00:00,77120.171875,77124.2578125,76937.6875,77000.4765625,0
2026-03-09 12:30:00,77002.0,77178.8984375,76923.7109375,77170.203125,0
2026-03-09 13:00:00,77170.953125,77202.390625,76993.8828125,77082.296875,0
2026-03-09 13:30:00,77083.2109375,77245.5390625,77054.6796875,77079.34375,0
2026-03-09 14:00:00,77075.65625,77204.21875,77017.21875,77179.359375,0
2026-03-09 14:30:00,77179.0625,77549.8984375,77154.3125,77517.09375,0
2026-03-09 15:00:00,77517.6171875,77709.8828125,77409.4765625,77566.4765625,0
2026-03-10 09:00:00,78414.3984375,78470.859375,77890.1796875,77993.59375,0
2026-03-10 09:30:00,77998.0078125,78012.6328125,77745.46875,77777.28125,0
2026-03-10 10:00:00,77775.921875,78146.390625,77775.921875,77983.4609375,0
2026-03-10 10:30:00,77981.6484375,78196.7890625,77981.6484375,78088.3203125,0
2026-03-10 11:00:00,78086.3515625,78215.421875,78051.9921875,78154.6875,0
2026-03-10 11:30:00,78155.2734375,78247.3125,78035.3203125,78096.6328125,0
2026-03-10 12:00:00,78095.609375,78158.5,77876.0078125,77936.0078125,0
2026-03-10 12:30:00,77938.609375,78137.8671875,77852.1171875,78092.4765625,0
2026-03-10 13:00:00,78092.9296875,78141.9375,77972.703125,78047.1328125,0
2026-03-10 13:30:00,78047.03125,78210.1796875,78047.03125,78126.0078125,0
2026-03-10 14:00:00,78124.796875,78339.7734375,78076.2890625,78125.8125,0
2026-03-10 14:30:00,78124.7421875,78244.2890625,78037.328125,78205.0078125,0
2026-03-10 15:00:00,78215.5625,78250.3984375,78072.2265625,78206.4765625,0
2026-03-11 09:00:00,78180.7578125,78322.703125,78033.7578125,78087.328125,0
2026-03-11 09:30:00,78083.671875,78096.828125,77790.03125,77814.78125,0
2026-03-11 10:00:00,77817.6015625,77858.75,77653.5,77710.7421875,0
2026-03-11 10:30:00,77708.921875,77764.71875,77445.9921875,77627.109375,0
2026-03-11 11:00:00,77628.2421875,77668.5234375,77292.84375,77368.609375,0
2026-03-11 11:30:00,77368.8671875,77376.9921875,77162.078125,77206.90625,0
2026-03-11 12:00:00,77207.390625,77340.328125,77191.3203125,77319.2578125,0
2026-03-11 12:30:00,77319.390625,77351.7890625,77176.46875,77183.4765625,0
2026-03-11 13:00:00,77184.34375,77236.9609375,77008.9921875,77229.8671875,0
2026-03-11 13:30:00,77233.28125,77312.3515625,77087.8828125,77159.78125,0
2026-03-11 14:00:00,77159.078125,77187.453125,76927.390625,77186.09375,0
2026-03-11 14:30:00,77184.671875,77202.9296875,76888.140625,76893.59375,0
2026-03-11 15:00:00,76889.09375,76998.4609375,76811.15625,76863.7109375,0
